segment_id,longitude,latitude
0,78.2853,30.115759999999995
1,78.29732088572807,30.125339468563496
2,78.32239615896506,30.128017822941842
3,78.34215172977022,30.13581685815077
4,78.36619541575816,30.120805261088456
5,78.39029662848777,30.12473865718291
6,78.39506267892246,30.137885870315866
7,78.42144223030387,30.12944327748337
8,78.43628318800728,30.114128597115062
9,78.43487767727136,30.091438997799695
10,78.44953608416654,30.072341621246743
11,78.47396699754887,30.06907808221845
12,78.48881736418477,30.066185489007513
13,78.50140500511532,30.070243009225372
14,78.51009033193083,30.06614441913599
15,78.52421439544327,30.081081321981646
16,78.53892106686916,30.092938176049618
17,78.55357695809991,30.085698155812715
18,78.5683705240738,30.081132050843745
19,78.5818910776141,30.08872781752344
20,78.57588420819283,30.105832791887927
21,78.58218408811587,30.113786464036835
22,78.59790813049415,30.12728151988172
23,78.59720618541937,30.14893632251903
24,78.60776013034253,30.15082602262884
25,78.61868599015705,30.169873245153553
26,78.63231089437204,30.186418626080968
27,78.64072272934149,30.205691448192088
28,78.6652738970978,30.211113897152725
29,78.67939945690723,30.221338610295685
30,78.68819664622707,30.23940698186693
31,78.71152979895638,30.235951723375607
32,78.72967810003932,30.226954811997835
33,78.74903170153003,30.212473072300305
34,78.77436502058276,30.221946255151735
35,78.8031534686476,30.217944132845837
36,78.82350802661354,30.23143683766788
37,78.84336741864698,30.234166250911336
38,78.86554974969609,30.242708718822385
39,78.87836373095257,30.25305238682976
40,78.89781505077636,30.246736429743045
41,78.9139867811278,30.24769072161915
42,78.92116132978197,30.25783333778078
43,78.93312895683387,30.25896823915804
44,78.9530087313139,30.269244945070884
45,78.97513642680424,30.28350553350778
46,78.99178676181499,30.297776761849466
47,79.01830998055955,30.29765699321378
48,79.04316085084474,30.307887592642082
49,79.06662002137412,30.297696638241455
50,79.09333323384409,30.298723233889046
51,79.11625453716267,30.296945198380424
52,79.13744952850907,30.28399797150003
53,79.15967979033003,30.28813181468517
54,79.16794380946769,30.270923376658498
55,79.19228545605175,30.266697479305513
56,79.21870089349477,30.260897319518342
57,79.23122900205236,30.274687749488166
58,79.2561080844661,30.28737310426011
59,79.28393067138587,30.291911490390966
60,79.30296586715814,30.295000520278226
61,79.30770662322249,30.312700045258836
62,79.31324158565182,30.330480792869558
63,79.31773346144732,30.34099970424679
64,79.31606240598616,30.3623854388323
65,79.32175558165171,30.382117875560112
66,79.33165912104766,30.404816373688373
67,79.35973983287482,30.407007984324398
68,79.38510386733402,30.407210073027528
69,79.40727575765762,30.412590000040588
70,79.43007995169587,30.419662487925283
71,79.43029828796477,30.433279729744118
72,79.42953975450577,30.455760388700135
73,79.44474656387852,30.462856609904687
74,79.45783087203183,30.46599652606924
75,79.47131038920067,30.48316070959717
76,79.48445006533271,30.488922472916947
77,79.48955722680338,30.506935474800642
78,79.50462201261824,30.52464781589254
79,79.5145145496722,30.530219147099665
80,79.51898703413846,30.52883168564544
81,79.5294245352795,30.541608549918706
82,79.54829654098762,30.557476810713034
