id,name,sequence_order,start_lat,start_lng,end_lat,end_lng,mock_risk,n_points,static_p90,static_mean,driver,points_source,terrain_percentile,model_name,generated
seg_01,Rishikesh to Shivpuri,1,30.1158,78.2853,30.1361,78.3898,0.15,619,0.7569138074108982,0.42881890198723505,"unusual elevation for this road (low, z=-1.2)",road,0.7647058823529411,B  Copernicus 30 m terrain / RF,2026-10-06T19:59:19.453360+00:00
seg_02,Shivpuri to Byasi,2,30.1361,78.3898,30.1133,78.4387,0.35,185,0.861885189598317,0.6020820626583959,"unusual elevation for this road (low, z=-1.0)",road,0.9411764705882353,B  Copernicus 30 m terrain / RF,2026-10-06T19:59:19.453360+00:00
seg_03,Byasi to Kaudiyala,3,30.1133,78.4387,30.0751,78.5014,0.72,426,0.8223645791455438,0.5575527153494347,"unusual elevation for this road (low, z=-1.0)",road,0.8823529411764706,B  Copernicus 30 m terrain / RF,2026-10-06T19:59:19.453360+00:00
seg_04,Kaudiyala to Devprayag,4,30.0751,78.5014,30.146,78.5993,0.42,670,0.8006870401299516,0.5535331172764059,"unusual slope aspect (north-south) for this road (low, z=-0.7)",road,0.8235294117647058,B  Copernicus 30 m terrain / RF,2026-10-06T19:59:19.453360+00:00
seg_05,Devprayag to Teen Dhara,5,30.146,78.5993,30.2106,78.6793,0.78,420,0.8687987864459552,0.6247412873386541,"unusual elevation for this road (low, z=-0.8)",road,1.0,B  Copernicus 30 m terrain / RF,2026-10-06T19:59:19.453360+00:00
seg_06,Teen Dhara to Kirtinagar,6,30.2106,78.6793,30.2177,78.7452,0.2,263,0.47230904778159355,0.21789401174391954,"unusual elevation for this road (low, z=-0.8)",road,0.47058823529411764,B  Copernicus 30 m terrain / RF,2026-10-06T19:59:19.453360+00:00
seg_07,Kirtinagar to Srinagar,7,30.2177,78.7452,30.2228,78.7841,0.18,153,0.5641983714420253,0.21522311769164193,"unusual local relief for this road (low, z=-1.4)",road,0.7058823529411765,B  Copernicus 30 m terrain / RF,2026-10-06T19:59:19.453360+00:00
seg_08,Srinagar to Sirobagarh,8,30.2228,78.7841,30.2416,78.8534,0.92,221,0.28477582281773367,0.10901146897314737,"unusual slope for this road (low, z=-1.0)",road,0.17647058823529413,B  Copernicus 30 m terrain / RF,2026-10-06T19:59:19.453360+00:00
seg_09,Sirobagarh to Rudraprayag,9,30.2416,78.8534,30.2851,78.9821,0.88,488,0.46514346439888576,0.23403186392483646,"unusual elevation for this road (low, z=-0.5)",road,0.4117647058823529,B  Copernicus 30 m terrain / RF,2026-10-06T19:59:19.453360+00:00
seg_10,Rudraprayag to Gauchar,10,30.2851,78.9821,30.289,79.1552,0.48,869,0.2728617825236232,0.10664974318966938,"unusual slope aspect (north-south) for this road (high, z=+0.6)",road,0.0,B  Copernicus 30 m terrain / RF,2026-10-06T19:59:19.453360+00:00
seg_11,Gauchar to Karnaprayag,11,30.289,79.1552,30.2599,79.2194,0.25,303,0.4173538899197539,0.18485152671853283,"unusual slope aspect (east-west) for this road (high, z=+0.6)",road,0.35294117647058826,B  Copernicus 30 m terrain / RF,2026-10-06T19:59:19.453360+00:00
seg_12,Karnaprayag to Langasu,12,30.2599,79.2194,30.288,79.2576,0.38,140,0.3301015943911097,0.17199441079505484,"unusual slope aspect (north-south) for this road (high, z=+0.7)",road,0.29411764705882354,B  Copernicus 30 m terrain / RF,2026-10-06T19:59:19.453360+00:00
seg_13,Langasu to Nandprayag,13,30.288,79.2576,30.329,79.321,0.44,378,0.28462643528631504,0.14266527041997054,"unusual slope aspect (north-south) for this road (high, z=+0.3)",road,0.11764705882352941,B  Copernicus 30 m terrain / RF,2026-10-06T19:59:19.453360+00:00
seg_14,Nandprayag to Chamoli,14,30.329,79.321,30.4055,79.3536,0.68,299,0.5328421593319467,0.2550159551302332,"unusual slope for this road (high, z=+0.4)",road,0.5294117647058824,B  Copernicus 30 m terrain / RF,2026-10-06T19:59:19.453360+00:00
seg_15,Chamoli to Birahi,15,30.4055,79.3536,30.4129,79.3937,0.75,94,0.2783724484552596,0.13786479836536308,"unusual slope aspect (north-south) for this road (high, z=+0.6)",road,0.058823529411764705,B  Copernicus 30 m terrain / RF,2026-10-06T19:59:19.453360+00:00
seg_16,Birahi to Pipalkoti,16,30.4129,79.3937,30.4308,79.4292,0.5,156,0.2936291125141114,0.13021076063421988,"unusual elevation for this road (high, z=+0.7)",road,0.23529411764705882,B  Copernicus 30 m terrain / RF,2026-10-06T19:59:19.453360+00:00
seg_17,Pipalkoti to Helang (Tangani),17,30.4308,79.4292,30.5294,79.5284,0.94,802,0.5453196242473327,0.32412880007182604,"unusual elevation for this road (high, z=+1.3)",road,0.5882352941176471,B  Copernicus 30 m terrain / RF,2026-10-06T19:59:19.453360+00:00
seg_18,Helang to Joshimath,18,30.5294,79.5284,30.5561,79.5617,0.81,1014,0.5485164686075772,0.3237410789236916,"unusual elevation for this road (high, z=+1.8)",road,0.6470588235294118,B  Copernicus 30 m terrain / RF,2026-10-06T19:59:19.453360+00:00
