longitude,latitude,label,elevation_m
79.50524502484488,30.465647534404177,1,1866.0
78.89963962646853,30.242023510081257,1,662.0
79.14921898686342,30.235122522179758,1,2007.0
78.98171536763397,30.2779716640326,1,752.0
79.29643829111711,30.420426301739223,1,1442.0
79.46797338319509,30.476435184271477,1,1536.0
79.42099919871947,30.48621362715531,1,1525.0
79.40210238702008,30.4869387344672,1,2241.0
78.85702812736416,30.247837743020497,1,632.0
79.49583347403109,30.50890088223312,1,1814.0
79.33071683181804,30.38899857255607,1,1347.0
78.90860930466711,30.24341373689064,1,722.0
79.51716810404312,30.459291093809583,1,2573.0
79.35497007357775,30.42364814665128,1,1327.0
79.48094428958373,30.513410946463484,1,1801.0
79.00310742264683,30.306651611654843,1,880.0
79.50362305693527,30.53376663516584,1,1621.0
79.55261652795858,30.56157657047423,1,1653.0
79.46669693353275,30.53392785311969,1,1897.0
79.48249145929343,30.540563895405803,1,2029.0
79.25528318223049,30.319247132031425,1,1699.0
79.49111102524425,30.519435803342187,1,1617.0
78.9395280773577,30.272559368243357,1,835.0
79.41094685364538,30.382895222434087,1,1496.0
79.49328128445404,30.473377332867518,1,1775.0
79.47434826510758,30.446697214465345,1,2751.0
79.5270648391383,30.48029654535819,1,2144.0
79.46647066565258,30.50150601204856,1,1933.0
78.68819664622707,30.23940698186693,0,569.0
78.2853,30.115759999999995,0,381.0
78.59790813049415,30.12728151988172,0,573.0
78.71152979895638,30.235951723375607,0,607.0
78.5683705240738,30.081132050843745,0,1014.0
78.6652738970978,30.211113897152725,0,612.0
78.44953608416654,30.072341621246743,0,451.0
79.15967979033003,30.28813181468517,0,814.0
78.36619541575816,30.120805261088456,0,398.0
78.48881736418477,30.066185489007516,0,497.0
79.06662002137412,30.29769663824145,0,732.0
78.74903170153003,30.212473072300305,0,557.0
79.40727575765762,30.412590000040588,0,1116.0
78.8031534686476,30.21794413284584,0,559.0
79.43007995169587,30.419662487925283,0,1281.0
78.97513642680424,30.28350553350778,0,679.0
79.47131038920067,30.48316070959717,0,1449.0
79.35973983287482,30.4070079843244,0,1007.0
79.21870089349477,30.260897319518342,0,799.0
78.89781505077636,30.246736429743045,0,637.0
78.43487767727136,30.091438997799692,0,389.0
79.30770662322249,30.31270004525884,0,919.0
78.39029662848777,30.12473865718291,0,512.0
79.01830998055955,30.29765699321378,0,667.0
78.77436502058276,30.22194625515173,0,548.0
79.31606240598616,30.3623854388323,0,970.0
78.92116132978197,30.25783333778078,0,684.0
79.19228545605175,30.266697479305517,0,802.0
78.53892106686916,30.092938176049618,0,1023.0
78.87836373095257,30.25305238682976,0,675.0
