landslide_id,longitude,latitude,label
0,79.50524502484488,30.465647534404177,1
1,78.89963962646853,30.242023510081257,1
2,79.14921898686342,30.235122522179754,1
3,78.98171536763397,30.2779716640326,1
4,79.29643829111711,30.420426301739226,1
5,79.46797338319509,30.476435184271473,1
6,79.42099919871947,30.48621362715531,1
7,79.40210238702008,30.486938734467202,1
8,78.85702812736416,30.247837743020497,1
9,79.49583347403109,30.50890088223312,1
10,79.33071683181804,30.38899857255607,1
11,78.90860930466711,30.243413736890638,1
12,79.51716810404312,30.459291093809586,1
13,79.35497007357775,30.42364814665128,1
14,79.48094428958373,30.513410946463484,1
15,79.00310742264683,30.306651611654843,1
16,79.50362305693527,30.533766635165836,1
17,79.55261652795858,30.56157657047423,1
18,79.46669693353275,30.53392785311969,1
19,79.48249145929343,30.540563895405803,1
20,79.25528318223049,30.319247132031425,1
21,79.49111102524425,30.519435803342187,1
22,78.9395280773577,30.272559368243353,1
23,79.41094685364538,30.382895222434087,1
24,79.49328128445404,30.473377332867514,1
25,79.47434826510758,30.446697214465345,1
26,79.5270648391383,30.48029654535819,1
27,79.46647066565258,30.501506012048562,1
