longitude,latitude,label,source,nearest_segment_id,elevation_m,slope_deg,aspect_deg
79.50524502484488,30.465647534404177,1,ngdr_static,76,1866.0,22.17286330930448,254.82708465447473
78.89963962646853,30.242023510081257,1,ngdr_static,40,662.0,36.23632785363339,139.42697164747938
79.14921898686342,30.235122522179758,1,ngdr_static,54,2007.0,21.48327791740003,27.2161115573075
78.98171536763397,30.2779716640326,1,ngdr_static,45,752.0,32.52653909120006,93.29611597254632
79.46797338319509,30.476435184271477,1,ngdr_static,75,1536.0,28.68590929820081,219.31396570347943
79.40210238702008,30.4869387344672,1,ngdr_static,72,2241.0,42.69944589061082,116.379928139485
78.85702812736416,30.247837743020497,1,ngdr_static,38,632.0,17.38363000685177,341.37213682354496
79.33071683181804,30.38899857255607,1,ngdr_static,65,1347.0,18.8048625595703,293.051300916473
78.90860930466711,30.24341373689064,1,ngdr_static,41,722.0,31.8426150436173,259.1725468961746
79.48094428958373,30.513410946463484,1,ngdr_static,77,1801.0,26.598121980533037,70.96195998269746
79.00310742264683,30.306651611654843,1,ngdr_static,46,880.0,23.273326481355983,358.6677801461304
79.48249145929343,30.540563895405803,1,ngdr_static,78,2029.0,46.67031700818058,344.87129207807186
79.25528318223049,30.319247132031425,1,ngdr_static,58,1699.0,26.650896729042593,4.953257477842044
78.9395280773577,30.272559368243357,1,ngdr_static,44,835.0,47.5418867761945,336.64078897936514
79.41094685364538,30.382895222434087,1,ngdr_static,69,1496.0,25.309963765942666,130.42607874009911
79.49328128445404,30.473377332867518,1,ngdr_static,76,1775.0,17.095440749476094,85.64892204842613
79.47434826510758,30.446697214465345,1,ngdr_static,74,2751.0,37.08573289536603,247.16634582208246
79.46647066565258,30.50150601204856,1,ngdr_static,75,1933.0,33.89928633142474,43.59301812101796
78.49343790978982,30.06767488303404,0,interpolated_negative,12,542.0,35.120300837356716,262.10030838573476
78.57789447112859,30.108370772376357,0,interpolated_negative,20,760.0,4.198497908296464,2.6025622024998256
78.53636156169678,30.090874644579017,0,interpolated_negative,16,1044.0,25.35226373630059,82.72499504211078
78.44360214793797,30.08007251693061,0,interpolated_negative,10,568.0,18.55306332072427,344.4454287299256
78.67213686005579,30.216081617264557,0,interpolated_negative,28,815.0,24.28353075296533,18.970407808486527
78.34238885826511,30.135668807747052,0,interpolated_negative,3,398.0,24.604470324180955,328.3924977537511
79.06646423854748,30.297764312231916,0,interpolated_negative,49,732.0,19.188418756936425,143.56914187983762
78.58073418365862,30.11195594268705,0,interpolated_negative,21,519.0,12.412937415075072,181.73570458892837
78.98895007761469,30.295345401283463,0,interpolated_negative,46,660.0,31.076108519382473,36.67975748263052
79.23017857447768,30.273531481737106,0,interpolated_negative,57,953.0,28.456893774820315,192.0701454893879
79.09742633116741,30.298405726970703,0,interpolated_negative,50,759.0,5.678987533319287,193.5704343851615
79.46554578539707,30.475820334091768,0,interpolated_negative,75,1597.0,25.915703593185818,194.70355182376156
79.39700516003779,30.41009787759326,0,interpolated_negative,69,1237.0,45.05353501758926,156.67625507747073
78.55142063969768,30.086763378570136,0,interpolated_negative,17,1019.0,25.330303495346662,340.67187084889
79.28220349537358,30.291629755565864,0,interpolated_negative,59,854.0,8.182907395599797,225.93919094573556
79.31541013862388,30.33555903135351,0,interpolated_negative,62,901.0,6.977374172440538,60.64224645720873
79.50862753062862,30.52690366465714,0,interpolated_negative,78,1299.0,35.48140606760189,262.4761795613614
79.18297216464202,30.268314338435403,0,interpolated_negative,55,819.0,28.0822419272576,212.49864594447962
78.9823188511913,30.289661687027106,0,interpolated_negative,45,765.0,29.80408734889178,314.29268063145577
79.54448714055471,30.554273729891932,0,interpolated_negative,82,1991.0,44.38228632648533,216.83086782932443
78.36982267631107,30.121397241776418,0,interpolated_negative,4,559.0,22.155438649399976,294.67686317033707
78.6859895323973,30.23487383482117,0,interpolated_negative,30,667.0,17.968461202752685,167.53506715793503
78.94499873958101,30.265104237665682,0,interpolated_negative,44,814.0,26.65697519415143,127.17425483359108
78.8847154482733,30.250989947139907,0,interpolated_negative,39,800.0,19.361977999977224,141.93434890126957
78.30377765118021,30.12602913227544,0,interpolated_negative,1,441.0,9.492004086985093,355.4260787400991
79.169973521067,30.270571003089795,0,interpolated_negative,54,757.0,15.119460665411573,141.00900595749454
79.42999271042099,30.44233613254983,0,interpolated_negative,71,1354.0,22.09766397634048,299.5114985570903
78.63465344995141,30.191785785224088,0,interpolated_negative,26,817.0,30.615671614517723,34.674741783072534
79.52155870819551,30.531979750487587,0,interpolated_negative,80,1461.0,25.07783081678174,202.18034430201723
78.84792431340693,30.235921121811728,0,interpolated_negative,37,618.0,33.61386336598721,224.18734840574626
78.50729058254218,30.067465615832532,0,interpolated_negative,14,860.0,27.91749318513716,201.39981013208222
78.60565217678025,30.150448590293625,0,interpolated_negative,24,667.0,30.936427955675608,37.316018170266034
78.46804171523642,30.069869595404132,0,interpolated_negative,11,533.0,22.761776622068876,17.57125877832243
78.68646313892471,30.235846565815635,0,interpolated_negative,30,597.0,22.72948938367228,154.04662429763584
79.4344070230515,30.45803168791984,0,interpolated_negative,72,1539.0,33.89536963300801,256.51532341136976
78.53627920109015,30.090808243578714,0,interpolated_negative,16,1053.0,32.05538995713734,84.501837275019
78.61814971702479,30.16893835180351,0,interpolated_negative,25,641.0,30.909054118244,97.67896380736869
78.59785683124728,30.128864086817956,0,interpolated_negative,22,467.0,13.502001892369368,103.65041913475699
79.26078389607,30.288135816893366,0,interpolated_negative,58,842.0,20.15924293074069,200.7387091475222
79.31119105924869,30.323893595050464,0,interpolated_negative,62,1143.0,21.14268911552135,179.0122396003602
78.5378294241098,30.092058068748837,0,interpolated_negative,16,1039.0,33.17873968449465,41.90036787946872
79.07611446609268,30.298061512201684,0,interpolated_negative,49,806.0,35.91755972981424,31.6420489888294
79.21187328725173,30.262396488603045,0,interpolated_negative,56,1037.0,43.38535725198046,135.14288194698736
78.75318939225988,30.214027805986863,0,interpolated_negative,33,541.0,8.631824046473543,250.7693276243387
78.46653359159954,30.070071054116355,0,interpolated_negative,11,629.0,26.61590170730996,3.814074834290352
78.51559867108068,30.071969763000375,0,interpolated_negative,14,875.0,26.259178473921718,323.51723010830693
79.17331910751511,30.269990183511037,0,interpolated_negative,54,784.0,12.41431670483943,327.9946167919165
78.30588690426241,30.12625442701797,0,interpolated_negative,1,470.0,12.246151071185725,349.38034472384487
79.4872828695571,30.498913797476238,0,interpolated_negative,77,1495.0,34.08845097167982,235.84030545433058
78.95744576914126,30.272104473319654,0,interpolated_negative,44,605.0,17.456590925928477,201.1247191460725
78.78542908193313,30.22040814769195,0,interpolated_negative,34,635.0,27.191089340169462,196.20072299647245
79.29430317338942,30.293594739099202,0,interpolated_negative,60,810.0,3.2488866699823853,93.36646066342979
78.29780353417925,30.125391021484983,0,interpolated_negative,1,431.0,4.350952144916962,28.81079374297309
78.56918288556795,30.081588430706507,0,interpolated_negative,18,996.0,32.931346245467694,3.2452549038901566
78.60783532584557,30.150957112126925,0,interpolated_negative,24,638.0,30.650294948595537,17.007946955407306
78.89414878655656,30.247926887135687,0,interpolated_negative,40,743.0,26.440821990385082,164.84593194968738
79.30428232498558,30.299915491199858,0,interpolated_negative,60,945.0,14.226475237339907,294.88036685918166
78.43613935496712,30.11180665537113,0,interpolated_negative,8,382.0,12.102348297218724,168.34070734647707
78.91692594448502,30.25184579913071,0,interpolated_negative,41,686.0,1.9655490972138436,209.05460409907715
79.1108443217489,30.29736487587351,0,interpolated_negative,51,843.0,12.079616644827674,142.59464336859145
79.5126654373981,30.52917775429396,0,interpolated_negative,79,1424.0,31.499912188387864,205.44994567495192
78.9482382571921,30.26677888290988,0,interpolated_negative,44,699.0,28.82189836411544,197.99590929724036
78.36141081987736,30.123792507948377,0,interpolated_negative,4,377.0,23.428692808745403,300.51023740611555
79.2445934992268,30.281502043728885,0,interpolated_negative,58,785.0,6.30012867988819,241.1134182330893
79.47004263083338,30.481546405686082,0,interpolated_negative,75,1474.0,30.280847245408687,220.60129464500446
78.51855428962334,30.075095477280946,0,interpolated_negative,15,786.0,12.65578206927141,354.0355128987469
78.82452261527101,30.231576279586026,0,interpolated_negative,36,610.0,16.221677656214542,265.3999043337367
79.26653058517148,30.28907320974586,0,interpolated_negative,58,834.0,19.489615614381904,150.05431655960479
78.74180932787318,30.217877365415823,0,interpolated_negative,33,554.0,19.51118046928032,318.81407483429035
79.07387200055005,30.297975333672294,0,interpolated_negative,49,807.0,45.49812007895198,343.0490658527401
79.43828690583442,30.459842225936086,0,interpolated_negative,73,1721.0,21.09751383825337,140.25780916895474
78.68737778039716,30.237725129681642,0,interpolated_negative,30,498.0,13.069151942759,201.03751102542182
79.30449637143404,30.300714629651605,0,interpolated_negative,60,969.0,25.309963765942666,338.4985656759521
79.218918801139,30.261137183348847,0,interpolated_negative,56,799.0,21.587269858480056,299.8047514731801
79.19579974855002,30.265925829845887,0,interpolated_negative,55,880.0,46.29239811885752,171.017882615021
79.50600017865612,30.525423978712407,0,interpolated_negative,78,1314.0,27.57483002438439,204.1110195025509
79.21628568268483,30.26142763852773,0,interpolated_negative,56,787.0,21.44401144272052,120.04643524681052
79.2244475831779,30.267223040697182,0,interpolated_negative,56,932.0,41.629315652260445,232.31348862803165
