longitude,latitude,label,elevation_m,slope_deg,aspect_deg
79.50524502484488,30.465647534404177,1,1866.0,21,320
78.89963962646853,30.242023510081257,1,662.0,36,56
79.14921898686342,30.23512252217976,1,2007.0,19,125
78.98171536763397,30.2779716640326,1,752.0,30,100
79.29643829111711,30.420426301739223,1,1442.0,53,32
79.46797338319509,30.47643518427148,1,1536.0,46,293
79.42099919871947,30.48621362715531,1,1525.0,43,264
79.40210238702008,30.4869387344672,1,2241.0,45,83
78.85702812736416,30.247837743020497,1,632.0,7,247
79.49583347403109,30.50890088223312,1,1814.0,44,245
79.33071683181804,30.38899857255607,1,1347.0,25,245
78.90860930466711,30.24341373689064,1,722.0,26,223
79.51716810404312,30.459291093809583,1,2573.0,44,292
79.35497007357775,30.42364814665128,1,1327.0,14,139
79.48094428958373,30.513410946463484,1,1801.0,36,52
79.00310742264683,30.306651611654843,1,880.0,20,174
79.50362305693527,30.53376663516584,1,1621.0,44,199
79.55261652795858,30.56157657047423,1,1653.0,24,10
79.46669693353275,30.53392785311969,1,1897.0,22,14
79.48249145929343,30.540563895405803,1,2029.0,35,207
79.25528318223049,30.319247132031425,1,1699.0,31,163
79.49111102524425,30.519435803342187,1,1617.0,48,99
78.9395280773577,30.27255936824336,1,835.0,55,196
79.41094685364538,30.382895222434087,1,1496.0,25,14
79.49328128445404,30.47337733286752,1,1775.0,20,39
79.47434826510758,30.446697214465345,1,2751.0,32,306
79.5270648391383,30.48029654535819,1,2144.0,43,193
79.46647066565258,30.50150601204856,1,1933.0,27,204
78.68819664622707,30.23940698186693,0,569.0,21,186
78.2853,30.115759999999995,0,381.0,2,270
78.59790813049415,30.12728151988172,0,573.0,20,34
78.71152979895638,30.235951723375607,0,607.0,24,135
78.5683705240738,30.081132050843745,0,1014.0,23,160
78.6652738970978,30.211113897152725,0,612.0,28,126
78.44953608416654,30.072341621246743,0,451.0,19,209
79.15967979033003,30.28813181468517,0,814.0,14,32
78.36619541575816,30.120805261088456,0,398.0,35,219
78.48881736418477,30.06618548900752,0,497.0,52,73
79.06662002137412,30.29769663824145,0,732.0,22,61
78.74903170153003,30.212473072300305,0,557.0,35,357
79.40727575765762,30.412590000040588,0,1116.0,24,355
78.8031534686476,30.21794413284584,0,559.0,20,6
79.43007995169587,30.419662487925283,0,1281.0,28,184
78.97513642680424,30.28350553350778,0,679.0,29,321
79.47131038920067,30.48316070959717,0,1449.0,33,302
79.35973983287482,30.4070079843244,0,1007.0,20,332
79.21870089349477,30.260897319518342,0,799.0,21,248
78.89781505077636,30.246736429743045,0,637.0,27,70
78.43487767727136,30.09143899779969,0,389.0,44,274
79.30770662322249,30.31270004525884,0,919.0,37,289
78.39029662848777,30.12473865718291,0,512.0,41,106
79.01830998055955,30.29765699321378,0,667.0,41,342
78.77436502058276,30.22194625515173,0,548.0,7,286
79.31606240598616,30.3623854388323,0,970.0,8,256
78.92116132978197,30.25783333778078,0,684.0,36,40
79.19228545605175,30.26669747930552,0,802.0,33,15
78.53892106686916,30.092938176049618,0,1023.0,35,122
78.87836373095257,30.25305238682976,0,675.0,40,295
